Channel Name,date,videoId,titles,Comment
슈카월드,20220822,RGLvq6PNXGo,화려했던 비전펀드 창사 이래 최대 적자,"1,2등인 애플와 마소의 공통점, 현금 존나 많음 + 주주환원 존나 많이 함"
슈카월드,20220822,RGLvq6PNXGo,화려했던 비전펀드 창사 이래 최대 적자,야아~ 점심먹으면서 보는데.... ㅋ
슈카월드,20220822,RGLvq6PNXGo,화려했던 비전펀드 창사 이래 최대 적자,손형 또 Ai ! Ai ! Ai ! 이랬을려나ㅋㅋ
슈카월드,20220822,RGLvq6PNXGo,화려했던 비전펀드 창사 이래 최대 적자,"전세계 인공지능 관련주 273개를
손정의가 전부 다 저인망 싹쓸이 중이니까
결국 500조 벌게 되어 있음"
슈카월드,20220822,RGLvq6PNXGo,화려했던 비전펀드 창사 이래 최대 적자,영상에 1분기를 4ㅡ6월이라고 오타
슈카월드,20220822,RGLvq6PNXGo,화려했던 비전펀드 창사 이래 최대 적자,"30조는 무슨..
1분기 20조
2분기 30조
상반기 50조 적자입니다.
왜?

결국 500조 벌 거니까."
슈카월드,20220822,RGLvq6PNXGo,화려했던 비전펀드 창사 이래 최대 적자,12:50 형 울어?
슈카월드,20220822,RGLvq6PNXGo,화려했던 비전펀드 창사 이래 최대 적자,우리나라도 재벌은 배당 많이 하는 추세입니다. 재벌이 주식을 가지고 있기 때문에 배당금으로 받아가는 것이 이익 ㅎㅎㅎ
슈카월드,20220822,RGLvq6PNXGo,화려했던 비전펀드 창사 이래 최대 적자,손정의도 물리는 세상...
슈카월드,20220822,RGLvq6PNXGo,화려했던 비전펀드 창사 이래 최대 적자,원달러도 한번 다뤄야할 거 같은데 IMF 쪽으로 가고 있더만
슈카월드,20220822,RGLvq6PNXGo,화려했던 비전펀드 창사 이래 최대 적자,"※ 경 고 ※ 
짜장면, 된장, 청국장 먹으면서 보는 형들은 반드시 스킵 해야하는 구간!
15:10 ~15:55"
슈카월드,20220822,RGLvq6PNXGo,화려했던 비전펀드 창사 이래 최대 적자,😁😁😁😁😁슈카형... 거시기 사이트 모니터링 하나바??? 소재빈곤???
슈카월드,20220822,RGLvq6PNXGo,화려했던 비전펀드 창사 이래 최대 적자,"예를들어 일반인이 양자역학의 원리를 정확히 밝힌다고 해서 노벨상을 주지는 않을겁니다.
노벨상을 타기 위해서 갖추어야할 다른 조건들이 있다고 봅니다. 박사학위는 기본이고, 물리학의 발전을 위해 뭔가 했다고 하는 공로상, 개근상, 과로상등이  필요할듯 합니다."
슈카월드,20220822,RGLvq6PNXGo,화려했던 비전펀드 창사 이래 최대 적자,일본 최고 부자 한국인 3세.. 가슴이 아프여 그래도 다시 더 많이 법니다
슈카월드,20220822,RGLvq6PNXGo,화려했던 비전펀드 창사 이래 최대 적자,썸내일 손회장님 일본야동 아저씨 같다
슈카월드,20220822,RGLvq6PNXGo,화려했던 비전펀드 창사 이래 최대 적자,ㅋㅋㅋ
슈카월드,20220822,RGLvq6PNXGo,화려했던 비전펀드 창사 이래 최대 적자,"재간둥이  
부모님이 궁금하다
어떤 부모밑에서 저런 썰 푸는 아들이 태어날까!????진짜 궁금"
슈카월드,20220822,RGLvq6PNXGo,화려했던 비전펀드 창사 이래 최대 적자,"그래도 미국은 모피아들끼리 서로 매파 비둘기파로 견제도하고, 세계경제와 미국경제를 움직여야한다는 의무감이나 노력이 느껴지는데, 우리나라 모피아는 진짜 마피아에 가까운지 나라재산 파먹기에나 급급하고.... 
우리나라 제일 쓰레기가 모피아가 아닐지 모르겠네 ㅠㅠ"
슈카월드,20220822,RGLvq6PNXGo,화려했던 비전펀드 창사 이래 최대 적자,23:00 누가 일론머스크한테 한화이글스 소개시켜 줄 사람 없음?
슈카월드,20220822,RGLvq6PNXGo,화려했던 비전펀드 창사 이래 최대 적자,미국은 흑자국 한국은 적자국
슈카월드,20220822,RGLvq6PNXGo,화려했던 비전펀드 창사 이래 최대 적자,내계좌 마이너 삼백이 더 뼈아프다
슈카월드,20220822,RGLvq6PNXGo,화려했던 비전펀드 창사 이래 최대 적자,코스피는 ...얼마나 조금 느리게 갈련가...눙물
슈카월드,20220822,RGLvq6PNXGo,화려했던 비전펀드 창사 이래 최대 적자,"일론을 보고 주가 조작이니 말하는 사람들은 이번 트윗내용 한번 쳐다보지도 않은 사람들. 분명 일론은 농담식으로 이야길 했고, 글 읽을줄 아는 인간들이면 이건 농담이겠거니 했다. 근데 돈에 눈 멀고, 한탕 하려는 인간들이 뛰어들어간거다. 일론머스크를 주가조작범 정도로 생각하는 그 두뇌가 안타까울 뿐이다."
슈카월드,20220822,RGLvq6PNXGo,화려했던 비전펀드 창사 이래 최대 적자,아ㅋㅋㅋㅋㅋㅋㅋㅋㅋㅋ진짜 일론머스크 땜에 막판 개빵터지네 ㅋㅋㅋㅋ 재밋게 산다 진짜 ㅋㅋ
슈카월드,20220822,RGLvq6PNXGo,화려했던 비전펀드 창사 이래 최대 적자,"손정의 보다~한국의 윤모씨가 더 걱정됩니다.
윤모씨~""한국 경제 위기 대책 없어""
대한민국 국민들~(각자도생) 해야 합니다~~안타깝게도~!!!!"
슈카월드,20220822,RGLvq6PNXGo,화려했던 비전펀드 창사 이래 최대 적자,망해서 싼 가격에 살 타이밍이 와도 그 타이밍을 못잡는 사람은 못잡음.. 결국 될놈될
슈카월드,20220822,RGLvq6PNXGo,화려했던 비전펀드 창사 이래 최대 적자,쿠팡은 괜찮을려나
슈카월드,20220822,RGLvq6PNXGo,화려했던 비전펀드 창사 이래 최대 적자,자이드롭
슈카월드,20220822,RGLvq6PNXGo,화려했던 비전펀드 창사 이래 최대 적자,쿠팡아 안녕
슈카월드,20220822,RGLvq6PNXGo,화려했던 비전펀드 창사 이래 최대 적자,모 아님 도
슈카월드,20220822,RGLvq6PNXGo,화려했던 비전펀드 창사 이래 최대 적자,"침착맨 매운맛 시절에 돈 많은 아조씨가 
테슬라 아조씨인가"
슈카월드,20220822,RGLvq6PNXGo,화려했던 비전펀드 창사 이래 최대 적자,매수포인트
슈카월드,20220822,RGLvq6PNXGo,화려했던 비전펀드 창사 이래 최대 적자,참을 수 없는 주제
슈카월드,20220822,RGLvq6PNXGo,화려했던 비전펀드 창사 이래 최대 적자,이래서 내가 국장 버리고 미국 주식만 하는거지.. 주주환원 짱
슈카월드,20220822,RGLvq6PNXGo,화려했던 비전펀드 창사 이래 최대 적자,경력 얼마안되지만 가는놈이 잘가더라 ㅎ
슈카월드,20220822,RGLvq6PNXGo,화려했던 비전펀드 창사 이래 최대 적자,주가가 떨어지고 있어ㅠ
슈카월드,20220822,RGLvq6PNXGo,화려했던 비전펀드 창사 이래 최대 적자,15:00 왜병된장 ㄷㄷㄷ
슈카월드,20220822,RGLvq6PNXGo,화려했던 비전펀드 창사 이래 최대 적자,흑자 30조 대단...
슈카월드,20220822,RGLvq6PNXGo,화려했던 비전펀드 창사 이래 최대 적자,돈이 30조정도면 자기최면으로 잘~ 될거야 잘~될거야라고 폭락천사가 귀에서 속삭일듯 그러나 정신차리고 떠나가는 상승천사의 등을   쪼까야한다.
슈카월드,20220822,RGLvq6PNXGo,화려했던 비전펀드 창사 이래 최대 적자,"며칠 전부터 구독하고 재밌게 보고 있습니다. 침착맨님의 최악의 세대 드립만 듣고 그냥 경제 아저씨인갑다 했다가 알고리즘에 떠서 봤는데, 말 너무 재밌게 하셔서 홀린듯이 구독했네요.. 앞으로도 재밌게 볼게요. 슈까 화이띵~
*p.s. 혹시 나중에라도 여유 되시면, 아이슬란드 금융 위기 사태도 얘기해줘잉.."
슈카월드,20220822,RGLvq6PNXGo,화려했던 비전펀드 창사 이래 최대 적자,킹플 ㅋㅋ
슈카월드,20220822,RGLvq6PNXGo,화려했던 비전펀드 창사 이래 최대 적자,"😎주식 명언?~""주식은 이 세상 그 어느 도박보다 잔인한 제로섬 게임이다.""
반박시 당신이 맞음~👊
맨유 2:1 리버풀"
슈카월드,20220822,RGLvq6PNXGo,화려했던 비전펀드 창사 이래 최대 적자,쿠팡이 반일했네 ㅎㅎㅎ
슈카월드,20220822,RGLvq6PNXGo,화려했던 비전펀드 창사 이래 최대 적자,30조를 꼬라 쳐박아도 손정의가 멋지게 느껴지는건 왜일까
슈카월드,20220822,RGLvq6PNXGo,화려했던 비전펀드 창사 이래 최대 적자,메타 주주들은 매 회차마다 뼈 뚜드레 맞고 시작하네
슈카월드,20220822,RGLvq6PNXGo,화려했던 비전펀드 창사 이래 최대 적자,맨유 그냥 축구 구단 아니었냐 왜 상장;;
슈카월드,20220822,RGLvq6PNXGo,화려했던 비전펀드 창사 이래 최대 적자,한국은 기업 총수가 회사돈을 지 돈 처럼 쓰는데 주주환원을 하겠냐고 ㅋㅋㅋㅋ 횡령하고 걸리면 사면 받으면 되는데 ㅋㅋㅋㅋ 여론 안좋아지면 댓글알바 돌리고 ㅋㅋㅋ
슈카월드,20220822,RGLvq6PNXGo,화려했던 비전펀드 창사 이래 최대 적자,애플 폭락할때 겁나 짜증났는데 계속 들고있길 잘했다 ㅋ
슈카월드,20220822,RGLvq6PNXGo,화려했던 비전펀드 창사 이래 최대 적자,역시 미국이 미국했다 ㅋㅋㅋㅋㅋㅋㅋ
슈카월드,20220822,RGLvq6PNXGo,화려했던 비전펀드 창사 이래 최대 적자,애플정책을보면서 모모레퍼띠삑께서 이번실적발표후 자사주 오지게파는모습이떠오르는군요
슈카월드,20220822,RGLvq6PNXGo,화려했던 비전펀드 창사 이래 최대 적자,물이 빠지면 누가 수영복 없이 수영치는지 알 수 있다
슈카월드,20220822,RGLvq6PNXGo,화려했던 비전펀드 창사 이래 최대 적자,오를 때 못 벌고 밀릴 때 많이 깨지는 나…💩
슈카월드,20220822,RGLvq6PNXGo,화려했던 비전펀드 창사 이래 최대 적자,결론: 국장은 하는게 아니다.
슈카월드,20220822,RGLvq6PNXGo,화려했던 비전펀드 창사 이래 최대 적자,쿠팡곧 부도나겠궅
슈카월드,20220822,RGLvq6PNXGo,화려했던 비전펀드 창사 이래 최대 적자,"애플은 직접제조를 하지 않으니 이익이 넘사벽이라 ㅋㅋㅋ 다른 제조업 회사가 이길수가 없음 ㅋㅋㅋ리스크도 적고 애플은,,,아무튼 대단한 기업....세계  it 트랜드가  획기적으로 바뀌지만 않으면 ㅋㅋ 갈수록 더 이득볼듯..."
슈카월드,20220822,RGLvq6PNXGo,화려했던 비전펀드 창사 이래 최대 적자,금리올리면서 돈푸는거 뭐하는건지
슈카월드,20220822,RGLvq6PNXGo,화려했던 비전펀드 창사 이래 최대 적자,15:40 이걸 밥먹으면서 봤네
슈카월드,20220822,RGLvq6PNXGo,화려했던 비전펀드 창사 이래 최대 적자,맨유가 상장회사였다는게 제일 충격이다 ㅋㅋ 상상도 안해봤어 ㅋㅋ 하긴 뭐 박지성형님 은퇴하시고나서는 축구랑은 담을 쌓았으니까 ㅋㅋ
슈카월드,20220822,RGLvq6PNXGo,화려했던 비전펀드 창사 이래 최대 적자,머스크는 미친 과학자이다  야 또한 망하게 된다  꼭 !
슈카월드,20220822,RGLvq6PNXGo,화려했던 비전펀드 창사 이래 최대 적자,"내가 3년전에 손정의는 분명히 망할것이라고 댓글 올렸다  아주 더러운 욕심쟁이였다
이런자는 망해고 또망해서 사라져야한다
분명히 사라지게 될 것이다
천하에 몹쓸늠이다
다시는 이런 인간이 나와서는 안된다
전형적인 일본이의 기질을 갖은자"
슈카월드,20220822,RGLvq6PNXGo,화려했던 비전펀드 창사 이래 최대 적자,22:29 ㅋㅋㅋㅋㅋㅋㅋㅋㅋㅋㅋㅋㅋ
슈카월드,20220822,RGLvq6PNXGo,화려했던 비전펀드 창사 이래 최대 적자,개가 짖어도 애플은 전고를 간다
슈카월드,20220822,RGLvq6PNXGo,화려했던 비전펀드 창사 이래 최대 적자,"진짜 마성의 혓바닥이다 ㄹㅇ
영상 시청 13분만에 본론이 나왔는데 전혀  지루하지가 않아 ..."
슈카월드,20220822,RGLvq6PNXGo,화려했던 비전펀드 창사 이래 최대 적자,머스크 진짜  ㅋㅋㅋ
슈카월드,20220822,RGLvq6PNXGo,화려했던 비전펀드 창사 이래 최대 적자,오늘 바로 snp 나락
슈카월드,20220822,RGLvq6PNXGo,화려했던 비전펀드 창사 이래 최대 적자,애증의 일론머스크
슈카월드,20220822,RGLvq6PNXGo,화려했던 비전펀드 창사 이래 최대 적자,결국 앨론 머스크 등장을 위한 빌드업 ㅋㅋㅋㅋㅋㅋ
슈카월드,20220822,RGLvq6PNXGo,화려했던 비전펀드 창사 이래 최대 적자,애플 주식으로 손실중이면 진짜 고점에 사려고 노력한 수준..
슈카월드,20220822,RGLvq6PNXGo,화려했던 비전펀드 창사 이래 최대 적자,"머스크는 젊은 날
일만하다가 뇌손상이 온게 맞다"
슈카월드,20220822,RGLvq6PNXGo,화려했던 비전펀드 창사 이래 최대 적자,지금 보니까 최고민수님 닮으셨었네ㅋㅋㅋㅋㅋ
슈카월드,20220822,RGLvq6PNXGo,화려했던 비전펀드 창사 이래 최대 적자,나의 메타는 열심히 가고 있구만 허허
슈카월드,20220822,RGLvq6PNXGo,화려했던 비전펀드 창사 이래 최대 적자,캬 빌드업 오졌다 ㅋㅋ
슈카월드,20220822,RGLvq6PNXGo,화려했던 비전펀드 창사 이래 최대 적자,12:23 주인공 등장
슈카월드,20220822,RGLvq6PNXGo,화려했던 비전펀드 창사 이래 최대 적자,"지금 뭐 국내 기업들도 가상화폐나 주식 투자한 회사들 손실 장난아니더라
세력새끼들아 작작 해먹어라 좀"
슈카월드,20220822,RGLvq6PNXGo,화려했던 비전펀드 창사 이래 최대 적자,"애플이 주주환원을 할 수 있는 이유는 제조업이 아니기때문. 제조는 하청에 맡기고, 본사는 마케팅, 디자인, 소프트웨어에 집중하므로 고정비가 적고 부가가치가 많음. 그러니 현금이 많은거고, 미국 문화자체가 주주환원을 중시하기에 가능한 것.

 한국 기업은 기본적으로 제조업이라 고정비가 큼. 제조설비 투자 안하면 장기적으로 망하는거고, 때문에 현금을 쌓아둘 수 밖에 없음. 제조업 특성상 부가가치가 상대적으로 적기 때문에 애플같은 주주환원은 현실적일수 없음. 경영세습과 세금문제도 큰 영향을 끼치겠지만.

(케이스: 애플vs삼전)"
슈카월드,20220822,RGLvq6PNXGo,화려했던 비전펀드 창사 이래 최대 적자,ㅋㅋㅋㅋ 머스크 ...
슈카월드,20220822,RGLvq6PNXGo,화려했던 비전펀드 창사 이래 최대 적자,야  도 모다 놓은거 많은거 아이가??
슈카월드,20220822,RGLvq6PNXGo,화려했던 비전펀드 창사 이래 최대 적자,결론 소뱅 마이너스 찍으면 (반년뒤) 애플 은 중저가일떄 매입할것
슈카월드,20220822,RGLvq6PNXGo,화려했던 비전펀드 창사 이래 최대 적자,손정희가 쿠팡에서 해먹은돈을 알리바바에서 다 날렸구만.... 한국에서 퍼다가 중국에 버렸군!!!
슈카월드,20220822,RGLvq6PNXGo,화려했던 비전펀드 창사 이래 최대 적자,쿠팡의 미래는?
슈카월드,20220822,RGLvq6PNXGo,화려했던 비전펀드 창사 이래 최대 적자,쿠팡아 귀막어! ㅠ
슈카월드,20220822,RGLvq6PNXGo,화려했던 비전펀드 창사 이래 최대 적자,이거 진짜 궁금했던 주제인데… 다뤄주셔서 감사합니다!!
슈카월드,20220822,RGLvq6PNXGo,화려했던 비전펀드 창사 이래 최대 적자,2024년 중반에는 다시 몇 십조 벌고 있을듯
슈카월드,20220822,RGLvq6PNXGo,화려했던 비전펀드 창사 이래 최대 적자,19:43 또산배분ㅋㅋㅋㅋㅋ
슈카월드,20220822,RGLvq6PNXGo,화려했던 비전펀드 창사 이래 최대 적자,맞는 얘기지만 코스피는 울나라 개관땜에 안됩니다 개관은 오를려고 하는 넘 발목잡고 떨어질때는 앞장서서 투심을 얼어붙게 만듭니다 항상
슈카월드,20220822,RGLvq6PNXGo,화려했던 비전펀드 창사 이래 최대 적자,"얘들아!!공식은 유혹이다. 주식도 투기다.  1000명투자하면 1~2명만 돈번다. 누군가 투자해야 내가 빠져나온다. 즉 개미지옥이다. 
생산성하나 없는데 돈버는 이바닥이 주식이다.  즉 돈놓고 돈먹기 게임이다. 돈벌려다가 인생망한다. 적당히 해라. 
밝히기싫은 팩트다😩🤧"
슈카월드,20220822,RGLvq6PNXGo,화려했던 비전펀드 창사 이래 최대 적자,머붕아 ㅋㅋ
슈카월드,20220822,RGLvq6PNXGo,화려했던 비전펀드 창사 이래 최대 적자,아쎄이!
슈카월드,20220822,RGLvq6PNXGo,화려했던 비전펀드 창사 이래 최대 적자,20년 10월에 나스닥 큰고래로 한몫챙겼다고 봤는데 이렇게 적자를 보는구나...
슈카월드,20220822,RGLvq6PNXGo,화려했던 비전펀드 창사 이래 최대 적자,쿠팡이 비젼펀드 푹락에 크게 공헌 했겠죠
슈카월드,20220822,RGLvq6PNXGo,화려했던 비전펀드 창사 이래 최대 적자,형 드라마 잘봤어요 ㅎ
슈카월드,20220822,RGLvq6PNXGo,화려했던 비전펀드 창사 이래 최대 적자,우리나라 기업 경영진들이 주식에 대한 기본적인 교육을 주기적으로 좀 받았으면 좋겠음
슈카월드,20220822,RGLvq6PNXGo,화려했던 비전펀드 창사 이래 최대 적자,한은이 금리를 찔끔찔끔 올리니 환율이 저모양이지
슈카월드,20220822,RGLvq6PNXGo,화려했던 비전펀드 창사 이래 최대 적자,ㅋㅋ손정의 주식 겁나못하노 ㅋㅋㅋㅋ
슈카월드,20220822,RGLvq6PNXGo,화려했던 비전펀드 창사 이래 최대 적자,"애플 주주환원 정책은 우리나라 기업들이 배워야 함
단기적으론 돈이 아깝겠지만 장기적으로 보면 결국 이득이란걸 애플이 보여주고 있음"
슈카월드,20220822,RGLvq6PNXGo,화려했던 비전펀드 창사 이래 최대 적자,와 지금 s&p 장초반 1.7 쭉쭉 내려가네... 낼...어찌되려나....
슈카월드,20220822,RGLvq6PNXGo,화려했던 비전펀드 창사 이래 최대 적자,아니 직원들 안 쉬나요? 너무 늦게 올라오네요. 악덕 사장님은 아니겠지요?
슈카월드,20220822,RGLvq6PNXGo,화려했던 비전펀드 창사 이래 최대 적자,손정의 아무리봐도 av에 나오는 흐믓한 웃음짓는 두꺼비 아저씨랑 똑같이생겼는데
슈카월드,20220822,RGLvq6PNXGo,화려했던 비전펀드 창사 이래 최대 적자,대기업 시총이 날라갔네 ㅋㅋㅋ
슈카월드,20220822,RGLvq6PNXGo,화려했던 비전펀드 창사 이래 최대 적자,무념무상 pbr. 0.1. 오면 사라 ㅎㅎ
슈카월드,20220822,RGLvq6PNXGo,화려했던 비전펀드 창사 이래 최대 적자,비전펀드 성공 공식은 막 던져놓고 두 세개 건지면 된다는 식이었음. 돈 많이 풀릴 때야 건지는게 있지 지금처럼 풀린 돈 말라갈때는 절대 성공할 수 없는 방식이지 뭐 있음?
슈카월드,20220822,RGLvq6PNXGo,화려했던 비전펀드 창사 이래 최대 적자,내가 이래서 코스피 손실난거 손절하고 미국 몰빵감 ㄹㅇ ㅋㅋ
슈카월드,20220822,RGLvq6PNXGo,화려했던 비전펀드 창사 이래 최대 적자,이무진씨의 신호등이 정말 가슴아픈 노래였군요
슈카월드,20220822,RGLvq6PNXGo,화려했던 비전펀드 창사 이래 최대 적자,삼십조 ㅋ ㅋ 와 ㅋㅋ
슈카월드,20220822,RGLvq6PNXGo,화려했던 비전펀드 창사 이래 최대 적자,손형 머스크 싸울때가 생각나네...지금은 완전한...그와중에 버핏항배 대단스
슈카월드,20220822,RGLvq6PNXGo,화려했던 비전펀드 창사 이래 최대 적자,쿠팡 어떡해요 ㅋㅋㅋㅋㅋ
슈카월드,20220822,RGLvq6PNXGo,화려했던 비전펀드 창사 이래 최대 적자,버핏은 신이다
슈카월드,20220822,RGLvq6PNXGo,화려했던 비전펀드 창사 이래 최대 적자,"1. 비젼 펀드가 몰빵 투기를 했다.


2. 스타트 업 붐이 일 때는 엄청난 돈을 벌었다!


3. 버블이 꺼지자,
순식간에 그 동안 벌었던 모든 돈을 다 까 먹었다.


4. 지금 그 동안 수익과 손실이 수렴해서 0이 되었다.
이게 끝일까?


5. 주식은 사면 오르고, 
팔면 내린다.
비젼 펀드가 대규모 자금으로 사서 모으자 주가가 폭등했는데,
그럼 팔게 되면?

즉,
지금 수익과 손실이 0 이 되었다는 것은,
이제 펀드런으로 팔아서 손실을 확정 짓는 상황이 벌어지면,
엄청난 손실을 보게 된다는 것을 뜻한다.


6. 다르게 생각해보자!
비젼 펀드처럼 대규모 펀드가 주식을 매집해서 오르면,
그게 과연 투자를 잘 해서 오르는 것일까?
아니면,
단순히 펀드가 대규모로 사 모으는 자체로 쳐 오르는 것일까?

참고로,
통상 주가는 투입된 자금의 10배 가량 자산 버블을 일으킨다."
슈카월드,20220822,RGLvq6PNXGo,화려했던 비전펀드 창사 이래 최대 적자,"꺼지십시요, 투자계의 J.O.A.T"
슈카월드,20220822,RGLvq6PNXGo,화려했던 비전펀드 창사 이래 최대 적자,"머스크 약 하는거 같은...
회사가  버거운가...점점 이상해지는거 같은게..ㅋ"
슈카월드,20220822,RGLvq6PNXGo,화려했던 비전펀드 창사 이래 최대 적자,비전 펀드 별거 없드만...별거 아닌 회사 상장할 때 기술 써서 시총 부풀린다음 공모해서 눈탱이치는게 손정의 투자법 이었음.
슈카월드,20220822,RGLvq6PNXGo,화려했던 비전펀드 창사 이래 최대 적자,"에이 
마음이 착해지면
돈이 눈앞에 모인댓는데.
창사 수십년, 근래 고민좀 해볼 시기인갑다.
부자도 일반인이랑 전혀 다를바없넹 매사 돈걱정!"
슈카월드,20220822,RGLvq6PNXGo,화려했던 비전펀드 창사 이래 최대 적자,한국 베이비스텝 확률이 높다던데 미국 자이언트스탭 가고 1500원 가즈아!!!!!!!!
슈카월드,20220822,RGLvq6PNXGo,화려했던 비전펀드 창사 이래 최대 적자,아직도 폰팔이 회사가 시총 1위라는게 그저 웃기기도하고 어이가없음ㅋㅋ
슈카월드,20220822,RGLvq6PNXGo,화려했던 비전펀드 창사 이래 최대 적자,오늘 옷은 프랑스네?
슈카월드,20220822,RGLvq6PNXGo,화려했던 비전펀드 창사 이래 최대 적자,비전펀드 마트가면 팝니까?
슈카월드,20220822,RGLvq6PNXGo,화려했던 비전펀드 창사 이래 최대 적자,야놀자 직원인데 아찔하다..
슈카월드,20220822,RGLvq6PNXGo,화려했던 비전펀드 창사 이래 최대 적자,슈카형은 돌려 까고 있다... 좋빠가!!
슈카월드,20220822,RGLvq6PNXGo,화려했던 비전펀드 창사 이래 최대 적자,"이영상 본거같은대..?데자뷰인가 했는데
아 나 어제 본방봤구나 ㅋㅋ"
슈카월드,20220822,RGLvq6PNXGo,화려했던 비전펀드 창사 이래 최대 적자,이제 애플 풀매수다
슈카월드,20220822,RGLvq6PNXGo,화려했던 비전펀드 창사 이래 최대 적자,미친 머스크 진짜 짜증나
슈카월드,20220822,RGLvq6PNXGo,화려했던 비전펀드 창사 이래 최대 적자,"우리나라는 주주환원이 안되는 이유가
높은 상속세와 증여세 때문같음
오너입장이라 생각해보면..."
슈카월드,20220822,RGLvq6PNXGo,화려했던 비전펀드 창사 이래 최대 적자,망해라 쫄닥 망해라
슈카월드,20220822,RGLvq6PNXGo,화려했던 비전펀드 창사 이래 최대 적자,"손 마사유키는 회귀자가 분명하다ㅋ
창사당시 박스위에서 10년 20년 계획을 말하고 그대로 실천했다.
단, 2000년대 초반까지 살다 1980년 초반으로 회귀했기에 그 이후 초반의 임팩트는 유지하지 못하므로써 회귀자의 한계를 드러냈다 ㅋ"
슈카월드,20220822,RGLvq6PNXGo,화려했던 비전펀드 창사 이래 최대 적자,눈물의 손정의…!
슈카월드,20220822,RGLvq6PNXGo,화려했던 비전펀드 창사 이래 최대 적자,에씨 z홀딩스 샀는데
슈카월드,20220822,RGLvq6PNXGo,화려했던 비전펀드 창사 이래 최대 적자,"한번만 더 빠져 주라...
집사느라 억지로 팔았는데...
적금 끝나면 한번만 더 돈 넣게 해 주라...
제발..."
슈카월드,20220822,RGLvq6PNXGo,화려했던 비전펀드 창사 이래 최대 적자,삼성도 주주환원 확실히해라
슈카월드,20220822,RGLvq6PNXGo,화려했던 비전펀드 창사 이래 최대 적자,내가 댓글단다 절대 진매트릭스 사지마라 진짜
슈카월드,20220822,RGLvq6PNXGo,화려했던 비전펀드 창사 이래 최대 적자,"억시 주식은 미국주식이 
주주를 생각하는 기업"
슈카월드,20220822,RGLvq6PNXGo,화려했던 비전펀드 창사 이래 최대 적자,몸값 방어 웅장하다
슈카월드,20220822,RGLvq6PNXGo,화려했던 비전펀드 창사 이래 최대 적자,"쿠팡때문에 손정의회장이 힘들겠네
힘냈으면 좋겠다"
슈카월드,20220822,RGLvq6PNXGo,화려했던 비전펀드 창사 이래 최대 적자,주식은 신의 영역이라 배웠습니다. 그래서 안해요.ㅋ
슈카월드,20220822,RGLvq6PNXGo,화려했던 비전펀드 창사 이래 최대 적자,쌤숭은 배당도 안하고 소각도 안하고 차곡차고 쌓아놓겠다..... 어디다 쓸려고 ....   시간아 가라  언젠가는 다 먹을거야   내가
슈카월드,20220822,RGLvq6PNXGo,화려했던 비전펀드 창사 이래 최대 적자,일론 머스크 한국에 있었으면 중갤했었을게 뻔함 ㅋ
슈카월드,20220822,RGLvq6PNXGo,화려했던 비전펀드 창사 이래 최대 적자,샘숭하고 애플하고 경쟁자  라고 설정 자체가 안맞잖아
슈카월드,20220822,RGLvq6PNXGo,화려했던 비전펀드 창사 이래 최대 적자,3조도 입 벌어질 텐데 30조?;;;
슈카월드,20220822,RGLvq6PNXGo,화려했던 비전펀드 창사 이래 최대 적자,비전펀드가 화려한적 있었음여 ?  저번에도 꼴아박다가 살아난거 아닌가
슈카월드,20220822,RGLvq6PNXGo,화려했던 비전펀드 창사 이래 최대 적자,해병의 원조가 도쿠가와 이에야스였군요
슈카월드,20220822,RGLvq6PNXGo,화려했던 비전펀드 창사 이래 최대 적자,손정의형 머리카락도 더 빠졌을듯
슈카월드,20220822,RGLvq6PNXGo,화려했던 비전펀드 창사 이래 최대 적자,일본 경제를 지배하는 손정의 회장. 손정의 회장이 마음만 먹으면 일본은 언제라도 망하는건데 ㅎㅎ
슈카월드,20220822,RGLvq6PNXGo,화려했던 비전펀드 창사 이래 최대 적자,엥 얘네 적자 흑자발표 미실현 금액으로 하는애들인데 뭐지
슈카월드,20220822,RGLvq6PNXGo,화려했던 비전펀드 창사 이래 최대 적자,비록 소량이지만 애플 주주로써 자랑스럽게 생각합니다..
슈카월드,20220822,RGLvq6PNXGo,화려했던 비전펀드 창사 이래 최대 적자,오늘 갭하락 했어 형
슈카월드,20220822,RGLvq6PNXGo,화려했던 비전펀드 창사 이래 최대 적자,"애플이 처음 1천조를 넘을 때도 진짜 역사상 최고 기업이라 생각했는데, 이제는 1경에 한발짝씩 다가가는 거 보니 현실감이 안 느껴진다. 물론 언제 망할지 모르는게 기업이지만...대단하다 정말."
슈카월드,20220822,RGLvq6PNXGo,화려했던 비전펀드 창사 이래 최대 적자,"어... 슈카형이.. 상승을 외치네.. 
하.............................."
슈카월드,20220822,RGLvq6PNXGo,화려했던 비전펀드 창사 이래 최대 적자,머스크는 이미 미친거 같음
슈카월드,20220822,RGLvq6PNXGo,화려했던 비전펀드 창사 이래 최대 적자,진짜 애플은 슈카햄이 미친 소리 나올만하네
슈카월드,20220822,RGLvq6PNXGo,화려했던 비전펀드 창사 이래 최대 적자,이러다 또..
슈카월드,20220822,RGLvq6PNXGo,화려했던 비전펀드 창사 이래 최대 적자,상속세가 60%데 어떤 바보 회장이 주가를 올리겠어요.
슈카월드,20220822,RGLvq6PNXGo,화려했던 비전펀드 창사 이래 최대 적자,다음에 봤겠습니다 ㅋㅋㅋㅋㅋㅋ
슈카월드,20220822,RGLvq6PNXGo,화려했던 비전펀드 창사 이래 최대 적자,와 쿠팡 어떻하나.
슈카월드,20220822,RGLvq6PNXGo,화려했던 비전펀드 창사 이래 최대 적자,손 마사요시 ㅎ ㅗㅗ
슈카월드,20220822,RGLvq6PNXGo,화려했던 비전펀드 창사 이래 최대 적자,제발 쿠팡 병신되라
슈카월드,20220822,RGLvq6PNXGo,화려했던 비전펀드 창사 이래 최대 적자,와 진짜 대단하다 자신의 잘못을 인정하고 공개하는 모습 역시 세계최고의 승부사 답다 마인드가 정말 멋지네
슈카월드,20220822,RGLvq6PNXGo,화려했던 비전펀드 창사 이래 최대 적자,22:40 -> 오늘도 등판했군... 슈까는 솔직히 감사의 의미로 테슬라 주식좀 사주라.
슈카월드,20220822,RGLvq6PNXGo,화려했던 비전펀드 창사 이래 최대 적자,"FOMC... 세계는 나의 것...!
거부...? 
살~~알~~짝, 밟아주지...
그나저나 투표 좀 잘하자...  한심한 절반들아..."
슈카월드,20220822,RGLvq6PNXGo,화려했던 비전펀드 창사 이래 최대 적자,머스크 참을 수 없는 가벼움
슈카월드,20220822,RGLvq6PNXGo,화려했던 비전펀드 창사 이래 최대 적자,참고로 샘숭전자 내일 5만전자됨 ㅜ ㅜ
슈카월드,20220822,RGLvq6PNXGo,화려했던 비전펀드 창사 이래 최대 적자,11:22 어떻게 알았짘ㅋㅋㅋㅋㅋㅋ
슈카월드,20220822,RGLvq6PNXGo,화려했던 비전펀드 창사 이래 최대 적자,"내년엔 3% 물가 상승 기대중입니다. 올해 하도 많이 올라서리…상대적으로 내년엔 오르는 상승률이 떨어지겠쥬

장기적으로 탈세계화 & 자재료 가격 상승 땜시…소비자 물가는 월급대비 높게 유지되겄쥬 ㅜㅜㅜㅜㅜ"
슈카월드,20220822,RGLvq6PNXGo,화려했던 비전펀드 창사 이래 최대 적자,정말이지 머스크는 범죄자다 범죄자 ㅋㅋ
슈카월드,20220822,RGLvq6PNXGo,화려했던 비전펀드 창사 이래 최대 적자,그래서 비전펀드2가 똥??
슈카월드,20220822,RGLvq6PNXGo,화려했던 비전펀드 창사 이래 최대 적자,"환율 진짜 공포스럽네 
에휴 경기침체 정도가 아니라
금융위기야"
슈카월드,20220822,RGLvq6PNXGo,화려했던 비전펀드 창사 이래 최대 적자,슈카형 항상 잘보고 있습니다 ㅋㅋ
슈카월드,20220822,RGLvq6PNXGo,화려했던 비전펀드 창사 이래 최대 적자,망해라 ㅋㅋㅋ
슈카월드,20220822,RGLvq6PNXGo,화려했던 비전펀드 창사 이래 최대 적자,댓글들을 쭉 보니까 각자 생존만 말하고 있으시네. 정말 어렵고 각박한 사회가 됐다. 다들 화이팅
슈카월드,20220822,RGLvq6PNXGo,화려했던 비전펀드 창사 이래 최대 적자,아 나만 망한게 아니구나!!! ㅋㅋㅋㅋㅋㅋㅋㅋ
슈카월드,20220822,RGLvq6PNXGo,화려했던 비전펀드 창사 이래 최대 적자,장사 투자 사업모두 외발자전거다. 계속 성공하지않으면 넘어져서 끝장남
슈카월드,20220822,RGLvq6PNXGo,화려했던 비전펀드 창사 이래 최대 적자,자막 없는 게 더 나은 것 같음
슈카월드,20220822,RGLvq6PNXGo,화려했던 비전펀드 창사 이래 최대 적자,작년에 내가 제일 잘나가 하다가 올해는  깡통 이네  ㅜㅜ
슈카월드,20220822,RGLvq6PNXGo,화려했던 비전펀드 창사 이래 최대 적자,"솔직히 머스크 같은 사기꾼 말에 움직이는 주식이란게 더 어이가 없는데...
맨날 속고 속고 또 속았으면서 그게 믿을 마음이 드나?"
슈카월드,20220822,RGLvq6PNXGo,화려했던 비전펀드 창사 이래 최대 적자,머스크때문에 낄 틈이 없었는데 오랜만에 정의형 나오네요
슈카월드,20220822,RGLvq6PNXGo,화려했던 비전펀드 창사 이래 최대 적자,주간 머스크 ㅋㅋㅋㅋㅋㅋ
슈카월드,20220822,RGLvq6PNXGo,화려했던 비전펀드 창사 이래 최대 적자,듣고보고 듣고보니 결국 또 그 나라다
슈카월드,20220822,RGLvq6PNXGo,화려했던 비전펀드 창사 이래 최대 적자,티셔츠 잘입었네...금리는오르고 경기는 안좋고.. 몸소보어줌ㅋ
슈카월드,20220822,RGLvq6PNXGo,화려했던 비전펀드 창사 이래 최대 적자,소프트하게  녹아버렸고
슈카월드,20220822,RGLvq6PNXGo,화려했던 비전펀드 창사 이래 최대 적자,"한국에는 왜 노벨상 타는 사람이 없을까요? 정작 상을 타기 위해서 갖추어야할 다른 조건들이 있는데, 그걸 만족시키지 못하는건 아닐까요?"
슈카월드,20220822,RGLvq6PNXGo,화려했던 비전펀드 창사 이래 최대 적자,이 채널 영상 잘 안올리네?
슈카월드,20220822,RGLvq6PNXGo,화려했던 비전펀드 창사 이래 최대 적자,손정의 똥은 누가 시식했나요 ?
슈카월드,20220822,RGLvq6PNXGo,화려했던 비전펀드 창사 이래 최대 적자,이형 프랑스 국기를 입은건가
슈카월드,20220822,RGLvq6PNXGo,화려했던 비전펀드 창사 이래 최대 적자,"과연 모르고 그냥 했을까?
테슬라 도지 트위터 등등 전적이 주가조작의심이 너무 화려한데 그 전에도 전적이 있고 ㅋㅋ 걍 주가조작 사기꾼새끼임"
슈카월드,20220822,RGLvq6PNXGo,화려했던 비전펀드 창사 이래 최대 적자,앤화 약세면 해외를 중심으로 투자하는 펀드에겐 오히려 유리한게 아닌가???
슈카월드,20220822,RGLvq6PNXGo,화려했던 비전펀드 창사 이래 최대 적자,이 형이 차트 보여주는 영상 찍으면 그거 무조건 파셈. 며칠 뒤에 그 차트 폭락함. 이 형이 뛰운 차트 다 떨어짐 ㅋㅋㅋㅋㅋㅋㅋㅋㅋㅋㅋㅋ
슈카월드,20220822,RGLvq6PNXGo,화려했던 비전펀드 창사 이래 최대 적자,맨유가 상장기업이었군요!
슈카월드,20220822,RGLvq6PNXGo,화려했던 비전펀드 창사 이래 최대 적자,69시벌ㅋㅋㅋㅋ
슈카월드,20220822,RGLvq6PNXGo,화려했던 비전펀드 창사 이래 최대 적자,갓플은 진짜 넘사벽이네... 환율 생각하면 우리나라 애플 존버하는 사람중에 손해본 사람은 없을듯.....    테슬라도 오버 슈팅할때 처음 들어간 사람 들빼고는 거의 수익권.... 환율 이게 뉴노멀이 되는가 하는 의심까지 드는 요즘  코스피 대부분 들어가 있어서 어디 들어가기도 그렇고 일단 요즘 관망 모드 하면서 현금 채굴중입니다;;; 메인을 미국 주식으로 할껄;;;
슈카월드,20220822,RGLvq6PNXGo,화려했던 비전펀드 창사 이래 최대 적자,쿠팡 주식 팔아야겠다
슈카월드,20220822,RGLvq6PNXGo,화려했던 비전펀드 창사 이래 최대 적자,"국내증시 들고 있던 건 3000 깨질 때 다 팔았고 저점 찍을 때까지 안 팔고 추가매수한 애플/마이크로소프트는 벌써 흑자전환함
나스닥은 신이야!"
슈카월드,20220822,RGLvq6PNXGo,화려했던 비전펀드 창사 이래 최대 적자,맨체스터 팬이 맨체스터 사달라고 일론한테 농담으로 시작한건데 ㅋㅋㅋ 앞뒤 다 짜르고 저렇게 얘기하면 사람 쓰레기 되는거지 남 쓰레기 되는데 동참하는건 인류 종특임 ㅋㅋㅋ
슈카월드,20220822,RGLvq6PNXGo,화려했던 비전펀드 창사 이래 최대 적자,나는 주식투자 1도 모르는데 이걸 왜 보고 있을까
슈카월드,20220822,RGLvq6PNXGo,화려했던 비전펀드 창사 이래 최대 적자,정말 오랜만에 언급된 또정의형
슈카월드,20220822,RGLvq6PNXGo,화려했던 비전펀드 창사 이래 최대 적자,썸네일 정말 눌러보고 싶게 잘만드노?
슈카월드,20220822,RGLvq6PNXGo,화려했던 비전펀드 창사 이래 최대 적자,매년 재평가가 되는 우리 버핏홍!!
슈카월드,20220822,RGLvq6PNXGo,화려했던 비전펀드 창사 이래 최대 적자,"ㅋㅋㅋㅋ 난 이번 저점에서 꾸준히 집중(AAPL, TSLA, TQQQ, NVDA, RIVN, BLK-B)매수해서 이미 원금 회복+ 수익보고 있는디? 내가 손정의보다 나은거 아니냐? ㅋㅋㅋㅋㅋ"
슈카월드,20220822,RGLvq6PNXGo,화려했던 비전펀드 창사 이래 최대 적자,손마사요시의 눈물
슈카월드,20220822,RGLvq6PNXGo,화려했던 비전펀드 창사 이래 최대 적자,"작년에 손정의는 큰 위험이 있네 머네 현금으로 다 바꿔놨다고 하더니, 뒤로는 엄청 질러놨던건가"
슈카월드,20220822,RGLvq6PNXGo,화려했던 비전펀드 창사 이래 최대 적자,"국장 미장 둘다 해본 결과,,, 아무리 세금내도 환차익+수익률 미장이 압승임다ㅠㅠㅠ 국장 넘 어려워요 주린이는…"
슈카월드,20220822,RGLvq6PNXGo,화려했던 비전펀드 창사 이래 최대 적자,워렌버핏이 애플이 다음 먹거리로 매수하지 않았었나? 요즘 -6%라니 진짜 대단한 형이야
슈카월드,20220822,RGLvq6PNXGo,화려했던 비전펀드 창사 이래 최대 적자,우리 AI 행님
슈카월드,20220822,RGLvq6PNXGo,화려했던 비전펀드 창사 이래 최대 적자,손정의 파산 가즈아!!!
슈카월드,20220822,RGLvq6PNXGo,화려했던 비전펀드 창사 이래 최대 적자,버셔크도 손실나는데 무슨 ㅋㅋㅋㅋㅋㅋㅋ손정의라고 피할랴
슈카월드,20220822,RGLvq6PNXGo,화려했던 비전펀드 창사 이래 최대 적자,22:25 조용히 보고있다가 터졌습니다ㅋㅋㅋㅋㅋㅋㅋㅋㅋㅋㅋㅋㅋㅋㅋ
슈카월드,20220822,RGLvq6PNXGo,화려했던 비전펀드 창사 이래 최대 적자,"슈카형 왜말을못해..우리나라는 재벌들이 자식들 기업물려주려고 주가찍어누르고 , 물적분할해서 일감몰아준다고 그래서 애플처럼 주주환원 정책을 안쓴다고"
슈카월드,20220822,RGLvq6PNXGo,화려했던 비전펀드 창사 이래 최대 적자,"1분기 적자 단위가 수십조 라니 ㄷㄷㄷㄷㄷ

3:15

8:50"
슈카월드,20220822,RGLvq6PNXGo,화려했던 비전펀드 창사 이래 최대 적자,애플에는 이씨일가 같은 자들이 없으니까
슈카월드,20220822,RGLvq6PNXGo,화려했던 비전펀드 창사 이래 최대 적자,한국 대기업들은 주주들과 소비자를 졸로 본다.
슈카월드,20220822,RGLvq6PNXGo,화려했던 비전펀드 창사 이래 최대 적자,길가던 Sip선비: 사람이 겸손해야지 아암~
슈카월드,20220822,RGLvq6PNXGo,화려했던 비전펀드 창사 이래 최대 적자,ㅋㅋㅋㅋㅋㅋ 미국에 대적하지마라 주식도 또같음
슈카월드,20220822,RGLvq6PNXGo,화려했던 비전펀드 창사 이래 최대 적자,진짜 형은 테슬라한대 사야된다
슈카월드,20220822,RGLvq6PNXGo,화려했던 비전펀드 창사 이래 최대 적자,미국이 안 돕는거보면 반도체 통제 좀 강화해야.
슈카월드,20220822,RGLvq6PNXGo,화려했던 비전펀드 창사 이래 최대 적자,상한가로 슉가~
슈카월드,20220822,RGLvq6PNXGo,화려했던 비전펀드 창사 이래 최대 적자,"애는  주뎅이만 나불나불  이상도이하도없는
그냥  목소리좋은 아가리파이터"
슈카월드,20220822,RGLvq6PNXGo,화려했던 비전펀드 창사 이래 최대 적자,쿠팡 이제 나락가나...
슈카월드,20220822,RGLvq6PNXGo,화려했던 비전펀드 창사 이래 최대 적자,킹플이 밀려도 환율 때문에 전고점 180불에 샀어도 빨간불임 ㅋㅋㅋㅋㅋㅋ
슈카월드,20220822,RGLvq6PNXGo,화려했던 비전펀드 창사 이래 최대 적자,손마사요시 저거 또 2년전 요맘때 처럼  옵션질 장난할듯
슈카월드,20220822,RGLvq6PNXGo,화려했던 비전펀드 창사 이래 최대 적자,"우리가 이 영상을 통해 깨달아야 하는 건
손정의 같은 분들은 그래도 재기 가능합니다.
일반인이 잘못 투자하면 재기가 불가능 할 수 있다는 것을 기억해야 합니다."
슈카월드,20220822,RGLvq6PNXGo,화려했던 비전펀드 창사 이래 최대 적자,쿠팡이 아무리 잘 나가도 전통 기대업들은 이기기 힘들죠
슈카월드,20220822,RGLvq6PNXGo,화려했던 비전펀드 창사 이래 최대 적자,22:25 돈나무 누나의 빠른 퇴근
슈카월드,20220822,RGLvq6PNXGo,화려했던 비전펀드 창사 이래 최대 적자,"댓글들 개웃김 본인들이 투자 신 마냥 혹은 철학자 마냥 잃은 사람들 평가하고 있음 ㅋㅋㅋㅋㅋ 손정의도 잃을 수 있는 거지 무슨 그거 마냥 본인들이 투자의 신 마냥 나는 그럴 줄 알았는데 어쩌니 저쩌니 ㅋㅋㅋ 저 사람은 잃어도 님들 보다 돈 많고 님 보다 경제 빠삭하게 알아요 철학자나 투자의 신 마냥 어불 성설 하지 말고, 본인 수익률 인증부터 하거나 공매도 쳐놓고 본인이 똑똑한 투자자라는 것을 어필하세요 어줍잖은 투자 실력으로 세계 사모 펀드 회장 평가 하지 말구요 ㅋㅋ"
슈카월드,20220822,RGLvq6PNXGo,화려했던 비전펀드 창사 이래 최대 적자,삼성은.. 자사주매입은 커녕 에버랜드 전환사채사건이라든지.. 어휴 것도모르고 투자하는 개미들.. 자기가 산주식이 왜박살나는지도 이해못함..
슈카월드,20220822,RGLvq6PNXGo,화려했던 비전펀드 창사 이래 최대 적자,삼성이 배당을 늘리면 국부 해외 유출이내 뭐내 할듯
슈카월드,20220822,RGLvq6PNXGo,화려했던 비전펀드 창사 이래 최대 적자,😱😱😱😱😱😱😱😱😱😱😱😱😱😱😱😱😱😱😱😱
슈카월드,20220822,RGLvq6PNXGo,화려했던 비전펀드 창사 이래 최대 적자,애플빠입니다 아이폰 애플워치 에어팟 비싸게 삿습니다 대신 애플 주식 보유해서 만까이 했습니다 ㅋㅋ
슈카월드,20220822,RGLvq6PNXGo,화려했던 비전펀드 창사 이래 최대 적자,나는 슈카형이 무서워...국장 더 빠질거 같애...
슈카월드,20220822,RGLvq6PNXGo,화려했던 비전펀드 창사 이래 최대 적자,정말 좋은 내용 입니다 잘 듣고 갑니다
슈카월드,20220822,RGLvq6PNXGo,화려했던 비전펀드 창사 이래 최대 적자,애플 대마불사 ㅋㅋㅋㅋㅋ
슈카월드,20220822,RGLvq6PNXGo,화려했던 비전펀드 창사 이래 최대 적자,쿠팡 큰일이네...적자를 누가 메워주냐...미국 주주들이 유상증자 받아주냐..
슈카월드,20220822,RGLvq6PNXGo,화려했던 비전펀드 창사 이래 최대 적자,저분은 10년에 한번씩 망함 ㅋㅋㅋㅋㅋ
슈카월드,20220822,RGLvq6PNXGo,화려했던 비전펀드 창사 이래 최대 적자,"요약: ""킹플"""
슈카월드,20220822,RGLvq6PNXGo,화려했던 비전펀드 창사 이래 최대 적자,"30조..
억이 30만개.."
슈카월드,20220822,RGLvq6PNXGo,화려했던 비전펀드 창사 이래 최대 적자,"하루벌어 먹고 사는 내가
왜 이 영상을 보고 있을까요?
손씨가 부럽당 ㅋ"
슈카월드,20220822,RGLvq6PNXGo,화려했던 비전펀드 창사 이래 최대 적자,조희팔 이름 바꾼다음에 일본에서 잘나가고 있었누
슈카월드,20220822,RGLvq6PNXGo,화려했던 비전펀드 창사 이래 최대 적자,슈카형 아프지 말아요
슈카월드,20220822,RGLvq6PNXGo,화려했던 비전펀드 창사 이래 최대 적자,우리나라 주식은 사는거 아니다
슈카월드,20220822,RGLvq6PNXGo,화려했던 비전펀드 창사 이래 최대 적자,우리나라는 대표기업이 주가를 조작하는데
슈카월드,20220822,RGLvq6PNXGo,화려했던 비전펀드 창사 이래 최대 적자,눈감고사도 돈 버는건데 난 눈뜨고 메타를 샀네
슈카월드,20220822,RGLvq6PNXGo,화려했던 비전펀드 창사 이래 최대 적자,"나도 정의형이 제일 잘난 줄 알았는데, 돈이란 게 거만하면 쌓은 규모나 시간에 비례해서 빠지는게 아니라 한순간 앗아가네…; 반면 정말 워렌버핏옹이 대단하긴 한가보다…"
슈카월드,20220822,RGLvq6PNXGo,화려했던 비전펀드 창사 이래 최대 적자,하....18년에 아이폰의 감성을 가르쳐주던 친구말을 믿었어야 했다...
슈카월드,20220822,RGLvq6PNXGo,화려했던 비전펀드 창사 이래 최대 적자,애플 주가 빠졌을때 더 샀어야 했다. 괜히 존버만 했구나. 앞으론 주가 빠지면 무조건 지른다
슈카월드,20220822,RGLvq6PNXGo,화려했던 비전펀드 창사 이래 최대 적자,사업구조가 적자가 날수밖에 없는 구존데...
슈카월드,20220822,RGLvq6PNXGo,화려했던 비전펀드 창사 이래 최대 적자,마따 요시 손!!!
슈카월드,20220822,RGLvq6PNXGo,화려했던 비전펀드 창사 이래 최대 적자,지금사면 손정의보다 싸게산거다 이거지?
슈카월드,20220822,RGLvq6PNXGo,화려했던 비전펀드 창사 이래 최대 적자,옛날엔 마소였는데 지금은 애플이 왕이구나
슈카월드,20220822,RGLvq6PNXGo,화려했던 비전펀드 창사 이래 최대 적자,중국에(텐센트에 무슨 모바일게임 게임회사 15조에 판거등등) 투자로 번돈 중국에 투자로 날린셈인가?
슈카월드,20220822,RGLvq6PNXGo,화려했던 비전펀드 창사 이래 최대 적자,"머스크 저렇게 관종짓 하다가
언젠가 양치기소년꼴 나겠네"
슈카월드,20220822,RGLvq6PNXGo,화려했던 비전펀드 창사 이래 최대 적자,이거 내가 지난달 snp 팔아서 올라간거임
슈카월드,20220822,RGLvq6PNXGo,화려했던 비전펀드 창사 이래 최대 적자,머스크는 진짜 어그로 하나는 잘 끄네요 ㅋㅋㅋㅋ
슈카월드,20220822,RGLvq6PNXGo,화려했던 비전펀드 창사 이래 최대 적자,레버러지 백조에서 저렇게 하락장을 맞았으니 직격탄이군요.
슈카월드,20220822,RGLvq6PNXGo,화려했던 비전펀드 창사 이래 최대 적자,이로써 손정의는 운빨이었음이 드러났다...
슈카월드,20220822,RGLvq6PNXGo,화려했던 비전펀드 창사 이래 최대 적자,"조지 소로스는
얼마나 손해 보앟ㄹ는지
알려주세요?"
슈카월드,20220822,RGLvq6PNXGo,화려했던 비전펀드 창사 이래 최대 적자,애플 자사주 소각은 놀랍네요... 우리나라로 돌아와서 카카오 생각하니 개열받네요 무슨 무보수니 뭐니 언플만해대고 물적분할해서 지들 이익만 생각하는 벼멸구 천민자본주의들
슈카월드,20220822,RGLvq6PNXGo,화려했던 비전펀드 창사 이래 최대 적자,"슉가형 4화에 연기도 하네 ㅋㅋㅋ
형 뭔데 연기도 잘해 ㅋㅋㅋ"
슈카월드,20220822,RGLvq6PNXGo,화려했던 비전펀드 창사 이래 최대 적자,"""머리카락이 후퇴하는 것이 아니라 내가 전진하는 것이다."""
슈카월드,20220822,RGLvq6PNXGo,화려했던 비전펀드 창사 이래 최대 적자,진짜 ㅁㅊ 회사다...
슈카월드,20220822,RGLvq6PNXGo,화려했던 비전펀드 창사 이래 최대 적자,쿠팡이 큰 역할을 했다는 것이 슬프네요 ㅠㅠ
슈카월드,20220822,RGLvq6PNXGo,화려했던 비전펀드 창사 이래 최대 적자,현금 만들라고 난리치던 분이 정작 본인은
슈카월드,20220822,RGLvq6PNXGo,화려했던 비전펀드 창사 이래 최대 적자,18:22 그럼 쿠팡은 괜찮으려나ㄷㄷ
슈카월드,20220822,RGLvq6PNXGo,화려했던 비전펀드 창사 이래 최대 적자,아씨 본방 못봐서 승질나네
슈카월드,20220822,RGLvq6PNXGo,화려했던 비전펀드 창사 이래 최대 적자,범인은 쿠팡????
슈카월드,20220822,RGLvq6PNXGo,화려했던 비전펀드 창사 이래 최대 적자,코스피 떡락 하기를 기대해봅시다
슈카월드,20220822,RGLvq6PNXGo,화려했던 비전펀드 창사 이래 최대 적자,환율이 1340원인데..코스피가 회복할 수가 없다...
슈카월드,20220822,RGLvq6PNXGo,화려했던 비전펀드 창사 이래 최대 적자,"S&P ,?
코스피?"
슈카월드,20220822,RGLvq6PNXGo,화려했던 비전펀드 창사 이래 최대 적자,쿠팡도 조만간인가...
슈카월드,20220822,RGLvq6PNXGo,화려했던 비전펀드 창사 이래 최대 적자,아직도 주식은 너무 무서워 ㅠㅠ
슈카월드,20220822,RGLvq6PNXGo,화려했던 비전펀드 창사 이래 최대 적자,결국 무야호~~~  행
슈카월드,20220822,RGLvq6PNXGo,화려했던 비전펀드 창사 이래 최대 적자,삼전은 주주환원 뭔지 모르냐 해라 좀
슈카월드,20220822,RGLvq6PNXGo,화려했던 비전펀드 창사 이래 최대 적자,바이든이 내년부터 자사주매입 세금 때려서 이번에 킹플이 휠씬 더 많이 사는듯
슈카월드,20220822,RGLvq6PNXGo,화려했던 비전펀드 창사 이래 최대 적자,정신승리!!! 슈카형~~
슈카월드,20220822,RGLvq6PNXGo,화려했던 비전펀드 창사 이래 최대 적자,쿠팡? ㅋ
슈카월드,20220822,RGLvq6PNXGo,화려했던 비전펀드 창사 이래 최대 적자,"구독자230만명 
신사임당 189만 얼마에 팔렸찌?..
슈가님~  건물주ㅎ"
슈카월드,20220822,RGLvq6PNXGo,화려했던 비전펀드 창사 이래 최대 적자,형도 물렸어?
슈카월드,20220822,RGLvq6PNXGo,화려했던 비전펀드 창사 이래 최대 적자,국장하는 사람은 저지능 인증인듯
슈카월드,20220822,RGLvq6PNXGo,화려했던 비전펀드 창사 이래 최대 적자,내년 애플  400불 넘어갑니다
슈카월드,20220822,RGLvq6PNXGo,화려했던 비전펀드 창사 이래 최대 적자,국장하는 사람은 지능이 낮은건가?
슈카월드,20220822,RGLvq6PNXGo,화려했던 비전펀드 창사 이래 최대 적자,계란은 한 바구니에 담아야지
슈카월드,20220822,RGLvq6PNXGo,화려했던 비전펀드 창사 이래 최대 적자,"쿠팡 토토막 
손정희 ㅠㅠ"
슈카월드,20220822,RGLvq6PNXGo,화려했던 비전펀드 창사 이래 최대 적자,도꾸가와 멋있내
슈카월드,20220822,RGLvq6PNXGo,화려했던 비전펀드 창사 이래 최대 적자,와 맨유가 상장기업이란거 처음 알았네
슈카월드,20220822,RGLvq6PNXGo,화려했던 비전펀드 창사 이래 최대 적자,"세상에는 천운으로 성공해놓고
능력으로 성공했다고 착각하는 사람이 많다
죽을때까지 그렇게 진실을 모르고 가는 사람도 많다"
슈카월드,20220822,RGLvq6PNXGo,화려했던 비전펀드 창사 이래 최대 적자,손정의 ㅋㅋㅋ
슈카월드,20220822,RGLvq6PNXGo,화려했던 비전펀드 창사 이래 최대 적자,간만에 손마사요시 언급
슈카월드,20220822,RGLvq6PNXGo,화려했던 비전펀드 창사 이래 최대 적자,페이스북은 돌아가는 꼬라지 보면 진짜 망할 것 같던데 ㅋㅋㅋㅋㅋㅋ
슈카월드,20220822,RGLvq6PNXGo,화려했던 비전펀드 창사 이래 최대 적자,오...
슈카월드,20220822,RGLvq6PNXGo,화려했던 비전펀드 창사 이래 최대 적자,30조 적자 별거 아니지 않나요 ? ㅋㅋㅋㅋㅋㅋㅋㅋ 한국전력 시총 13조 짜리가 30조 적자낸다는데 ㅋㅋㅋㅋㅋㅋㅋㅋㅋㅋㅋㅋㅋㅋㅋㅋㅋㅋㅋㅋㅋㅋ
슈카월드,20220822,RGLvq6PNXGo,화려했던 비전펀드 창사 이래 최대 적자,손마사요시형 익절한거 다 뱉어냈나보네 ㅠ 그러게 테슬라 정도는 사서 모아갔어야지.
슈카월드,20220822,RGLvq6PNXGo,화려했던 비전펀드 창사 이래 최대 적자,아쓰 겁나 뻐졌는데ㅎㅎㅎ
슈카월드,20220822,RGLvq6PNXGo,화려했던 비전펀드 창사 이래 최대 적자,8:15 복무신조 ㅋㅋㅋㅋㅋ
슈카월드,20220822,RGLvq6PNXGo,화려했던 비전펀드 창사 이래 최대 적자,형 개미가 타고있어요 ㅠㅠ
슈카월드,20220822,RGLvq6PNXGo,화려했던 비전펀드 창사 이래 최대 적자,"니케이만 투자했어도 나았을듯
니케이 29000찍었던데"
슈카월드,20220822,RGLvq6PNXGo,화려했던 비전펀드 창사 이래 최대 적자,달러가 비싸서 애플 안샀는데 기회는 날아갔다 ㅠ
슈카월드,20220822,RGLvq6PNXGo,화려했던 비전펀드 창사 이래 최대 적자,애플? 가격 보면 110조 태우고도 남겠다.
슈카월드,20220822,RGLvq6PNXGo,화려했던 비전펀드 창사 이래 최대 적자,이래서 소프트뱅크 호크스도 부진한가
슈카월드,20220822,RGLvq6PNXGo,화려했던 비전펀드 창사 이래 최대 적자,"코스피가 회외보다 더 회복 하기를 
기원 합니다. ㅋㅋ 😂"
슈카월드,20220822,RGLvq6PNXGo,화려했던 비전펀드 창사 이래 최대 적자,와 암산 섹시하다
슈카월드,20220822,RGLvq6PNXGo,화려했던 비전펀드 창사 이래 최대 적자,알리바바 원툴
슈카월드,20220822,RGLvq6PNXGo,화려했던 비전펀드 창사 이래 최대 적자,아이폰14 나오면 +10퍼된다 ㅋㅋㅋ
슈카월드,20220822,RGLvq6PNXGo,화려했던 비전펀드 창사 이래 최대 적자,오늘 시초가 갭하락하고 하루종일 음봉에 종가저가.. ㅋㅋㅋ
슈카월드,20220822,RGLvq6PNXGo,화려했던 비전펀드 창사 이래 최대 적자,"유튜버, 재벌, 연예인, 정치인 걱정하는거 아니라 했다 ㅋ"
슈카월드,20220822,RGLvq6PNXGo,화려했던 비전펀드 창사 이래 최대 적자,애플 3분기 매출이 맞나요? 애플은 분기 계산을 다른곳과 다르게 하는가봐요?
슈카월드,20220822,RGLvq6PNXGo,화려했던 비전펀드 창사 이래 최대 적자,"컨텐츠 빨때는 좋아놓고,,"
슈카월드,20220822,RGLvq6PNXGo,화려했던 비전펀드 창사 이래 최대 적자,우리나라 대기업은 주주알기를 개뿔로 알기 때문에.... 주가가 올라갈리가 있나???????????
슈카월드,20220822,RGLvq6PNXGo,화려했던 비전펀드 창사 이래 최대 적자,애플 달달하죠. 현재 1800주 보유 중인데 계속 매수 중
슈카월드,20220822,RGLvq6PNXGo,화려했던 비전펀드 창사 이래 최대 적자,"뭔가 허전하다 했더니, 귀염뽀짝 모자를 안썼구나"
슈카월드,20220822,RGLvq6PNXGo,화려했던 비전펀드 창사 이래 최대 적자,"소프트뱅크가 망한건 헷지를 하지 않아서죠. 자기 비전만 가지고 가는 완전히 묻지마 투자입니다. 비전이 있다 하더라도 그 비전을 살리려면 다른 팩터를 상쇄시켜서 비전만 남겨야 하는 것을 쯧쯧, 투자의 기본이 안되어 있어요..."
슈카월드,20220822,RGLvq6PNXGo,화려했던 비전펀드 창사 이래 최대 적자,"ㅈㄴ큰 데드캣 바운스였나...?
나스닥 큰 거 오냐?"
슈카월드,20220822,RGLvq6PNXGo,화려했던 비전펀드 창사 이래 최대 적자,전반적으로 지금은 투자보다 상황을 보고 대비해서 앞으로 미래의 투자를 준비할 시기!
슈카월드,20220822,RGLvq6PNXGo,화려했던 비전펀드 창사 이래 최대 적자,"투자한 회사의 주식 이  떨어진것      팔지 않고있으니 오르면 본전 되는것  
  주식이야 오를때도있고 내릴때도 있으니
회사는  존나 잘 나가는중    호들갑 떨 일이아님"
슈카월드,20220822,RGLvq6PNXGo,화려했던 비전펀드 창사 이래 최대 적자,비전?? 정의형 내가 도와줄까? 얼마면 되는데
슈카월드,20220822,RGLvq6PNXGo,화려했던 비전펀드 창사 이래 최대 적자,매번 고급 정보 고맙습니다.
슈카월드,20220822,RGLvq6PNXGo,화려했던 비전펀드 창사 이래 최대 적자,손정의도 옛날의 손정의 인가요?
슈카월드,20220822,RGLvq6PNXGo,화려했던 비전펀드 창사 이래 최대 적자,"대머리가 아니라 내가 전진하는 거라면서?
후퇴 하셨는데 자리에 있어야 할 머리는 어디 갔죠?"
슈카월드,20220822,RGLvq6PNXGo,화려했던 비전펀드 창사 이래 최대 적자,"아니 내 소뱅이ㅠㅠㅠ
+올랐는데요??"
슈카월드,20220822,RGLvq6PNXGo,화려했던 비전펀드 창사 이래 최대 적자,"개인의 선택은 좆도 아니란걸 느낌
시대의 운이 따라주면 존나 올라가는거고 그렇지 못하면 꼴아박는거야
전세계가 돈풀면서 호황기를 맞았을땐 죄다 잡스형, 머스크형 소리 듣더만
지금은 뭐지?"
슈카월드,20220822,RGLvq6PNXGo,화려했던 비전펀드 창사 이래 최대 적자,"여력이 너무 많아어
아예 포기하고 안감ㅋㅋ"
슈카월드,20220822,RGLvq6PNXGo,화려했던 비전펀드 창사 이래 최대 적자,"(오늘의 교훈)
투자에는 위험이 따른다.
손정의: 작년에 큰 이익을 냈을 때 내가 제일 잘난 줄 알았던 것이 부끄럽다. 17:19"
슈카월드,20220822,RGLvq6PNXGo,화려했던 비전펀드 창사 이래 최대 적자,혼자 부루마불하시네 금액 단위가 비현실적임 ㅠㅠ ㅋㅋ
슈카월드,20220822,RGLvq6PNXGo,화려했던 비전펀드 창사 이래 최대 적자,쿠팡이랑 또있나??
슈카월드,20220822,RGLvq6PNXGo,화려했던 비전펀드 창사 이래 최대 적자,아 조회수1횐데 나 언제 일빠해봄??
슈카월드,20220822,RGLvq6PNXGo,화려했던 비전펀드 창사 이래 최대 적자,미국이면 짤림
슈카월드,20220822,RGLvq6PNXGo,화려했던 비전펀드 창사 이래 최대 적자,30조가 장난이야?
슈카월드,20220822,RGLvq6PNXGo,화려했던 비전펀드 창사 이래 최대 적자,선댓글 후시청..벌써재밌다ㅎㅎㅎ
슈카월드,20220822,RGLvq6PNXGo,화려했던 비전펀드 창사 이래 최대 적자,형 달러 1340원 갔어
슈카월드,20220822,RGLvq6PNXGo,화려했던 비전펀드 창사 이래 최대 적자,아 ㅋㅋㅋ  댓글 얼마 없네
슈카월드,20220822,RGLvq6PNXGo,화려했던 비전펀드 창사 이래 최대 적자,-30조..
슈카월드,20220822,RGLvq6PNXGo,화려했던 비전펀드 창사 이래 최대 적자,1등이라고? 조회수1?
슈카월드,20220822,RGLvq6PNXGo,화려했던 비전펀드 창사 이래 최대 적자,1
슈카월드,20220822,RGLvq6PNXGo,화려했던 비전펀드 창사 이래 최대 적자,개쩌는 모자 왜 없어..?
슈카월드,20220822,RGLvq6PNXGo,화려했던 비전펀드 창사 이래 최대 적자,오늘 박살났다 형...역시 슈카형은 고점판독긴가?
슈카월드,20220822,RGLvq6PNXGo,화려했던 비전펀드 창사 이래 최대 적자,와 조회수 1회인데 댓글이 14개..ㄷㄷ
슈카월드,20220822,RGLvq6PNXGo,화려했던 비전펀드 창사 이래 최대 적자,뎃?
슈카월드,20220822,RGLvq6PNXGo,화려했던 비전펀드 창사 이래 최대 적자,이야 나나 정의형이나 잃은 비중은 비슷하네 ㅋㅋㅋㅋ
슈카월드,20220822,RGLvq6PNXGo,화려했던 비전펀드 창사 이래 최대 적자,2
슈카월드,20220822,RGLvq6PNXGo,화려했던 비전펀드 창사 이래 최대 적자,비전펀드도 이제 옛날의 화려한 명성을 뒤로 하고 내려가는건가요 ㅎㄷ
슈카월드,20220822,RGLvq6PNXGo,화려했던 비전펀드 창사 이래 최대 적자,30조가 털리네 ㄷㄷ
슈카월드,20220822,RGLvq6PNXGo,화려했던 비전펀드 창사 이래 최대 적자,1빠
슈카월드,20220822,RGLvq6PNXGo,화려했던 비전펀드 창사 이래 최대 적자,1등
슈카월드,20220822,RGLvq6PNXGo,화려했던 비전펀드 창사 이래 최대 적자,1초전
슈카월드,20220822,RGLvq6PNXGo,화려했던 비전펀드 창사 이래 최대 적자,1등
슈카월드,20220822,RGLvq6PNXGo,화려했던 비전펀드 창사 이래 최대 적자,1등!
슈카월드,20220822,RGLvq6PNXGo,화려했던 비전펀드 창사 이래 최대 적자,2
슈카월드,20220822,RGLvq6PNXGo,화려했던 비전펀드 창사 이래 최대 적자,2빠
슈카월드,20220822,RGLvq6PNXGo,화려했던 비전펀드 창사 이래 최대 적자,와ㅏ
슈카월드,20220822,RGLvq6PNXGo,화려했던 비전펀드 창사 이래 최대 적자,1
슈카월드,20220822,RGLvq6PNXGo,화려했던 비전펀드 창사 이래 최대 적자,111
슈카월드,20220822,RGLvq6PNXGo,화려했던 비전펀드 창사 이래 최대 적자,2
슈카월드,20220822,RGLvq6PNXGo,화려했던 비전펀드 창사 이래 최대 적자,1등?!
슈카월드,20220822,RGLvq6PNXGo,화려했던 비전펀드 창사 이래 최대 적자,W
슈카월드,20220822,RGLvq6PNXGo,화려했던 비전펀드 창사 이래 최대 적자,항상 잘 보고있어요
슈카월드,20220822,RGLvq6PNXGo,화려했던 비전펀드 창사 이래 최대 적자,1
